{
    "mtx": [
        [
            1380.7915934417404,
            0.0,
            1933.5430924497248
        ],
        [
            0.0,
            1867.9264529745842,
            1224.2452043404749
        ],
        [
            0.0,
            0.0,
            1.0
        ]
    ],
    "dist": [
        0.0,
        0.0,
        0.0,
        0.0,
        0.0
    ],
    "tvec": [
        -938.4185180664062,
        -210.0382537841797,
        19418.685546875
    ],
    "rvec": [
        0.016147218644618988,
        2.546968460083008,
        -1.7685179710388184
    ]
}