{
    "mtx": [
        [
            5182.683651325884,
            0.0,
            1962.7412404923298
        ],
        [
            0.0,
            5344.471189828668,
            997.3150821024628
        ],
        [
            0.0,
            0.0,
            1.0
        ]
    ],
    "dist": [
        0.0,
        0.0,
        0.0,
        0.0,
        0.0
    ],
    "tvec": [
        -9037.171875,
        -1635.510498046875,
        23446.484375
    ],
    "rvec": [
        1.703099012374878,
        0.792527437210083,
        -0.4426633417606354
    ]
}