{
    "mtx": [
        [
            5394.477075970439,
            0.0,
            1808.6044099340606
        ],
        [
            0.0,
            5557.331212457823,
            752.4439562232201
        ],
        [
            0.0,
            0.0,
            1.0
        ]
    ],
    "dist": [
        0.0,
        0.0,
        0.0,
        0.0,
        0.0
    ],
    "tvec": [
        7922.06103515625,
        -260.5303649902344,
        24049.44140625
    ],
    "rvec": [
        1.7490662336349487,
        -0.7360826134681702,
        0.5704466700553894
    ]
}